id,sentenca,classe
2,Tarefa atribuída: redigir a contestação do caso Silva & Cia.,Tarefas e Delegações Internas
4,"Por favor, revise o contrato de locação antes do envio ao cliente.",Tarefas e Delegações Internas
6,Delegada a diligência no fórum para despachar com o juiz da 2ª Vara.,Tarefas e Delegações Internas
9,Sócio solicitou um resumo do caso para a reunião com o cliente amanhã.,Tarefas e Delegações Internas
10,"A tarefa ""Levantamento de passivo trabalhista"" foi reatribuída a você.",Tarefas e Delegações Internas
11,Reunião de alinhamento da equipe cível marcada para hoje às 16h.,Tarefas e Delegações Internas
13,O coordenador agendou um feedback individual para amanhã de manhã.,Tarefas e Delegações Internas
15,Sócio diretor convocou todos os advogados para a reunião mensal.,Tarefas e Delegações Internas
16,Sessão de brainstorming do caso tributário na sala de conferências.,Tarefas e Delegações Internas
17,Colega solicitou sua ajuda na tese de defesa processual.,Tarefas e Delegações Internas
19,Alerta: pauta da reunião de equipe já está disponível no portal interno.,Tarefas e Delegações Internas
20,Sócio cancelou a reunião de acompanhamento de processos de hoje.,Tarefas e Delegações Internas
23,O parecer técnico foi aprovado e liberado para envio ao cliente.,Tarefas e Delegações Internas
24,Revisão pendente: contrato social consolidado da empresa cliente.,Tarefas e Delegações Internas
25,Sócio aprovou a estratégia de defesa proposta. Pode seguir com a peça.,Tarefas e Delegações Internas
27,Status da tarefa alterado para 'Aguardando validação do gestor'.,Tarefas e Delegações Internas
29,Lembrete: você tem 3 contratos pendentes de aprovação na sua fila.,Tarefas e Delegações Internas
30,O relatório quinzenal do cliente foi validado pela diretoria.,Tarefas e Delegações Internas
31,Tarefa criada: entrar em contato com o cliente para pedir documentos.,Tarefas e Delegações Internas
32,Ligar para o reclamante e informar sobre a proposta de acordo.,Tarefas e Delegações Internas
33,Atualizar a planilha de acompanhamento do cliente corporativo.,Tarefas e Delegações Internas
35,Responder e-mail do perito com os quesitos complementares.,Tarefas e Delegações Internas
37,Atualizar os andamentos de todos os processos da carteira A.,Tarefas e Delegações Internas
39,Tarefa urgente: ligar para o cartório e verificar status do ofício.,Tarefas e Delegações Internas
40,Sócio solicitou a atualização cadastral do cliente no sistema interno.,Tarefas e Delegações Internas
41,"A tarefa ""Pesquisa de bens patrimoniais"" foi marcada como prioritária.",Tarefas e Delegações Internas
42,O prazo interno para entrega desta minuta vence hoje às 18h.,Tarefas e Delegações Internas
43,Tarefa atrasada: elaboração de quesitos periciais. O prazo interno era ontem.,Tarefas e Delegações Internas
44,Estagiário assumiu a tarefa de emitir as certidões negativas de débito.,Tarefas e Delegações Internas
49,O checklist interno de preparação para a audiência foi preenchido.,Tarefas e Delegações Internas
50,Workflow encerrado: todas as tarefas internas deste processo foram concluídas.,Tarefas e Delegações Internas
52,A equipe tributária solicitou a revisão da peça na sala de reuniões principal.,Tarefas e Delegações Internas
53,A gerência jurídica concluiu a pesquisa de jurisprudência na sala de reuniões principal.,Tarefas e Delegações Internas
54,A gerência jurídica transferiu a carteira de processos e o prazo interno vence hoje.,Tarefas e Delegações Internas
55,Aviso interno: A gerência jurídica pediu urgência na análise do caso referente ao passivo trabalhista.,Tarefas e Delegações Internas
57,Aviso interno: Atualizar os andamentos para amanhã de manhã.,Tarefas e Delegações Internas
58,Aviso interno: Dr. Roberto pediu urgência na análise do caso para a pauta da semana que vem.,Tarefas e Delegações Internas
59,Aviso interno: Dra. Camila agendou uma reunião de alinhamento.,Tarefas e Delegações Internas
60,Aviso interno: Dra. Camila finalizou o relatório quinzenal antes do envio ao cliente.,Tarefas e Delegações Internas
62,Aviso interno: Elaborar a planilha de clientes e aguarda sua validação.,Tarefas e Delegações Internas
64,Aviso interno: O coordenador da equipe devolveu a minuta com apontamentos sobre o novo cliente.,Tarefas e Delegações Internas
65,Aviso interno: O coordenador da equipe encerrou o workflow da tarefa sobre o novo cliente.,Tarefas e Delegações Internas
66,Aviso interno: O coordenador da equipe pediu urgência na análise do caso para amanhã de manhã.,Tarefas e Delegações Internas
67,Aviso interno: O departamento cível atribuiu a tarefa de redigir o recurso.,Tarefas e Delegações Internas
68,Aviso interno: O departamento cível transferiu a carteira de processos e o prazo interno vence hoje.,Tarefas e Delegações Internas
69,Aviso interno: O setor paralegal atribuiu a tarefa de redigir o recurso antes do envio ao cliente.,Tarefas e Delegações Internas
71,Aviso interno: O setor paralegal solicitou o preenchimento do timesheet via Microsoft Teams.,Tarefas e Delegações Internas
72,Aviso interno: Revisar o contrato social até o final do dia.,Tarefas e Delegações Internas
74,Aviso interno: Sócio diretor pediu ajuda na tese de defesa via Microsoft Teams.,Tarefas e Delegações Internas
75,Dr. Roberto atribuiu a tarefa de redigir o recurso.,Tarefas e Delegações Internas
76,Estagiário delegou a elaboração da petição.,Tarefas e Delegações Internas
77,Estagiário pediu ajuda na tese de defesa referente ao passivo trabalhista.,Tarefas e Delegações Internas
79,Lembrete: A equipe tributária convocou todos para a reunião mensal.,Tarefas e Delegações Internas
80,Lembrete: A equipe tributária encerrou o workflow da tarefa e o prazo interno vence hoje.,Tarefas e Delegações Internas
82,Lembrete: A equipe tributária finalizou o relatório quinzenal.,Tarefas e Delegações Internas
83,Lembrete: A gerência jurídica pediu ajuda na tese de defesa para despachar com o juiz.,Tarefas e Delegações Internas
84,Lembrete: A gerência jurídica solicitou a revisão da peça para despachar com o juiz.,Tarefas e Delegações Internas
85,Lembrete: Advogado pleno assumiu a formatação dos documentos com prioridade alta.,Tarefas e Delegações Internas
86,Lembrete: Advogado pleno atribuiu a tarefa de redigir o recurso e aguarda sua validação.,Tarefas e Delegações Internas
87,Lembrete: Advogado pleno delegou a elaboração da petição até o final do dia.,Tarefas e Delegações Internas
88,Lembrete: Advogado pleno encerrou o workflow da tarefa.,Tarefas e Delegações Internas
89,Lembrete: Advogado pleno transferiu a carteira de processos com prioridade alta.,Tarefas e Delegações Internas
91,Lembrete: Dra. Camila cancelou o comitê de avaliação na sala de reuniões principal.,Tarefas e Delegações Internas
95,Lembrete: Estagiário marcou um feedback individual.,Tarefas e Delegações Internas
96,Lembrete: Estagiário pediu urgência na análise do caso sobre o novo cliente.,Tarefas e Delegações Internas
97,Lembrete: Estagiário transferiu a carteira de processos na sala de reuniões principal.,Tarefas e Delegações Internas
98,Lembrete: O coordenador da equipe agendou uma reunião de alinhamento na sala de reuniões principal.,Tarefas e Delegações Internas
100,Lembrete: O coordenador da equipe pediu urgência na análise do caso até o final do dia.,Tarefas e Delegações Internas
101,Lembrete: O departamento cível devolveu a minuta com apontamentos para amanhã de manhã.,Tarefas e Delegações Internas
102,Lembrete: O setor paralegal agendou uma reunião de alinhamento e o prazo interno vence hoje.,Tarefas e Delegações Internas
103,Lembrete: Protocolar a contestação na sala de reuniões principal.,Tarefas e Delegações Internas
104,Lembrete: Sócio diretor assumiu a formatação dos documentos e o prazo interno vence hoje.,Tarefas e Delegações Internas
105,Nova delegação: A equipe tributária finalizou o relatório quinzenal.,Tarefas e Delegações Internas
106,Nova delegação: A gerência jurídica convocou todos para a reunião mensal para a pauta da semana que vem.,Tarefas e Delegações Internas
108,Nova delegação: Advogado pleno aprovou a estratégia de defesa.,Tarefas e Delegações Internas
110,Nova delegação: Advogado pleno marcou um feedback individual.,Tarefas e Delegações Internas
112,Nova delegação: Dr. Roberto agendou uma reunião de alinhamento antes do envio ao cliente.,Tarefas e Delegações Internas
114,Nova delegação: Dr. Roberto solicitou a revisão da peça.,Tarefas e Delegações Internas
116,Nova delegação: Dra. Camila concluiu a pesquisa de jurisprudência para despachar com o juiz.,Tarefas e Delegações Internas
117,Nova delegação: Elaborar a contestação e aguarda sua validação.,Tarefas e Delegações Internas
118,Nova delegação: Estagiário encerrou o workflow da tarefa e aguarda sua validação.,Tarefas e Delegações Internas
119,Nova delegação: Estagiário finalizou o relatório quinzenal para amanhã de manhã.,Tarefas e Delegações Internas
120,Nova delegação: Estagiário solicitou o preenchimento do timesheet antes do envio ao cliente.,Tarefas e Delegações Internas
123,Nova delegação: O coordenador da equipe assumiu a formatação dos documentos para a pauta da semana que vem.,Tarefas e Delegações Internas
124,Nova delegação: O departamento cível delegou a elaboração da petição para despachar com o juiz.,Tarefas e Delegações Internas
125,Nova delegação: O setor paralegal finalizou o relatório quinzenal antes do envio ao cliente.,Tarefas e Delegações Internas
126,Nova delegação: Revisar a contestação e o prazo interno vence hoje.,Tarefas e Delegações Internas
128,O coordenador da equipe atribuiu a tarefa de redigir o recurso e o prazo interno vence hoje.,Tarefas e Delegações Internas
129,O coordenador da equipe convocou todos para a reunião mensal e aguarda sua validação.,Tarefas e Delegações Internas
131,O departamento cível atribuiu a tarefa de redigir o recurso.,Tarefas e Delegações Internas
132,O setor paralegal delegou a elaboração da petição referente ao passivo trabalhista.,Tarefas e Delegações Internas
134,Prioridade: A equipe tributária agendou uma reunião de alinhamento.,Tarefas e Delegações Internas
135,Prioridade: A equipe tributária aprovou a estratégia de defesa e aguarda sua validação.,Tarefas e Delegações Internas
136,Prioridade: A gerência jurídica cancelou o comitê de avaliação na sala de reuniões principal.,Tarefas e Delegações Internas
137,Prioridade: A gerência jurídica encerrou o workflow da tarefa antes do envio ao cliente.,Tarefas e Delegações Internas
138,Prioridade: Atualizar a contestação e aguarda sua validação.,Tarefas e Delegações Internas
139,Prioridade: Atualizar a pauta de audiências e o prazo interno vence hoje.,Tarefas e Delegações Internas
140,Prioridade: Dr. Roberto finalizou o relatório quinzenal.,Tarefas e Delegações Internas
141,Prioridade: Dr. Roberto marcou um feedback individual antes do envio ao cliente.,Tarefas e Delegações Internas
142,Prioridade: Dra. Camila atribuiu a tarefa de redigir o recurso via Microsoft Teams.,Tarefas e Delegações Internas
143,Prioridade: Dra. Camila cancelou o comitê de avaliação referente ao passivo trabalhista.,Tarefas e Delegações Internas
144,Prioridade: Dra. Camila transferiu a carteira de processos e aguarda sua validação.,Tarefas e Delegações Internas
145,Prioridade: Estagiário pediu urgência na análise do caso para a pauta da semana que vem.,Tarefas e Delegações Internas
146,Prioridade: Estagiário solicitou o preenchimento do timesheet para a pauta da semana que vem.,Tarefas e Delegações Internas
150,Prioridade: O setor paralegal encerrou o workflow da tarefa até o final do dia.,Tarefas e Delegações Internas
151,Prioridade: Sócio diretor atribuiu a tarefa de redigir o recurso para despachar com o juiz.,Tarefas e Delegações Internas
152,Protocolar o contrato social via Microsoft Teams.,Tarefas e Delegações Internas
153,Sócio diretor pediu urgência na análise do caso até o final do dia.,Tarefas e Delegações Internas
154,Tarefa atualizada: A equipe tributária agendou uma reunião de alinhamento antes do envio ao cliente.,Tarefas e Delegações Internas
157,Tarefa atualizada: A equipe tributária solicitou a revisão da peça para despachar com o juiz.,Tarefas e Delegações Internas
158,Tarefa atualizada: Advogado pleno atribuiu a tarefa de redigir o recurso sobre o novo cliente.,Tarefas e Delegações Internas
159,Tarefa atualizada: Advogado pleno devolveu a minuta com apontamentos e aguarda sua validação.,Tarefas e Delegações Internas
161,Tarefa atualizada: Dra. Camila aprovou a estratégia de defesa para despachar com o juiz.,Tarefas e Delegações Internas
162,Tarefa atualizada: O coordenador da equipe finalizou o relatório quinzenal até o final do dia.,Tarefas e Delegações Internas
163,Tarefa atualizada: O departamento cível aprovou a estratégia de defesa com prioridade alta.,Tarefas e Delegações Internas
164,Tarefa atualizada: O departamento cível delegou a elaboração da petição.,Tarefas e Delegações Internas
165,Tarefa atualizada: O departamento cível finalizou o relatório quinzenal.,Tarefas e Delegações Internas
166,Tarefa atualizada: O setor paralegal finalizou o relatório quinzenal para despachar com o juiz.,Tarefas e Delegações Internas
167,Tarefa atualizada: Sócio diretor devolveu a minuta com apontamentos via Microsoft Teams.,Tarefas e Delegações Internas
168,Tarefa atualizada: Sócio diretor finalizou o relatório quinzenal antes do envio ao cliente.,Tarefas e Delegações Internas
172,Urgente: Advogado pleno finalizou o relatório quinzenal sobre o novo cliente.,Tarefas e Delegações Internas
175,Urgente: Dr. Roberto pediu ajuda na tese de defesa.,Tarefas e Delegações Internas
179,Urgente: Elaborar o contrato social para a pauta da semana que vem.,Tarefas e Delegações Internas
180,Urgente: Estagiário aprovou a estratégia de defesa.,Tarefas e Delegações Internas
181,Urgente: Estagiário convocou todos para a reunião mensal antes do envio ao cliente.,Tarefas e Delegações Internas
182,Urgente: Estagiário devolveu a minuta com apontamentos referente ao passivo trabalhista.,Tarefas e Delegações Internas
183,Urgente: O coordenador da equipe cancelou o comitê de avaliação para despachar com o juiz.,Tarefas e Delegações Internas
184,Urgente: O departamento cível aprovou a estratégia de defesa e o prazo interno vence hoje.,Tarefas e Delegações Internas
186,Urgente: O departamento cível cancelou o comitê de avaliação para a pauta da semana que vem.,Tarefas e Delegações Internas
187,Urgente: O setor paralegal pediu urgência na análise do caso e o prazo interno vence hoje.,Tarefas e Delegações Internas
188,Urgente: O setor paralegal transferiu a carteira de processos referente ao passivo trabalhista.,Tarefas e Delegações Internas
190,Sócio sênior solicitou a revisão da peça até o fim do expediente (282).,Tarefas e Delegações Internas
191,Advogado pleno elaborou a minuta do recurso com urgência (755).,Tarefas e Delegações Internas
192,Sócio sênior solicitou a revisão da peça até o fim do expediente (433).,Tarefas e Delegações Internas
193,Sócio sênior solicitou a revisão da peça com urgência (224).,Tarefas e Delegações Internas
194,Advogado pleno solicitou a revisão da peça até o fim do expediente (204).,Tarefas e Delegações Internas
195,A coordenadora elaborou a minuta do recurso para a reunião de amanhã (604).,Tarefas e Delegações Internas
196,O estagiário solicitou a revisão da peça com urgência (715).,Tarefas e Delegações Internas
199,A coordenadora solicitou a revisão da peça para a reunião de amanhã (868).,Tarefas e Delegações Internas
200,O estagiário concluiu a pesquisa de jurisprudência com urgência (748).,Tarefas e Delegações Internas
202,Prazo para contestação vence em 5 dias úteis.,Prazos e Audiências
204,O prazo para o preparo do recurso expira hoje às 23h59.,Prazos e Audiências
205,Atenção: faltam 2 dias para o fim do prazo de alegações finais.,Prazos e Audiências
206,"Audiência virtual remarcada para a próxima quinta-feira, às 10h.",Prazos e Audiências
207,Prazo de 15 dias para réplica inicia-se amanhã.,Prazos e Audiências
209,Seu prazo para manifestação sobre o laudo pericial vence amanhã.,Prazos e Audiências
210,Lembrete: sustentação oral agendada para hoje às 15h30.,Prazos e Audiências
211,Faltam 48h para o vencimento do prazo do agravo de instrumento.,Prazos e Audiências
213,"Audiência de custódia marcada para amanhã, 09h, formato presencial.",Prazos e Audiências
215,Seu prazo para embargos de declaração acaba em 3 dias.,Prazos e Audiências
217,Prazo comum de 10 dias úteis aberto para ambas as partes.,Prazos e Audiências
218,"Audiência de oitiva amanhã às 16h, verifique o link no sistema.",Prazos e Audiências
221,O fim do prazo para recurso inominado no JEC é amanhã.,Prazos e Audiências
222,A contagem do prazo processual está suspensa devido ao recesso.,Prazos e Audiências
223,Audiência de tentativa de conciliação hoje às 13h no CEJUSC.,Prazos e Audiências
224,Prazo fatal para recolhimento de custas processuais expira amanhã.,Prazos e Audiências
225,O prazo para apresentar impugnação ao cumprimento de sentença abriu.,Prazos e Audiências
226,Seu agendamento para despacho presencial com o juiz é às 14h.,Prazos e Audiências
227,Prazo para emenda à inicial termina daqui a 10 dias.,Prazos e Audiências
228,Atenção: prazo de 5 dias para manifestação sobre novos documentos.,Prazos e Audiências
229,Reunião pré-audiência com o cliente agendada para amanhã às 09h.,Prazos e Audiências
230,"Sessão de mediação familiar confirmada para o dia 12, às 08h30.",Prazos e Audiências
231,Prazo de manifestação do Ministério Público vence nesta sexta.,Prazos e Audiências
232,Alerta de perempção: o prazo prescricional da ação termina em breve.,Prazos e Audiências
233,Alerta de perda de prazo: o recurso agendado não foi protocolado.,Prazos e Audiências
234,Restam 5 dias úteis para apresentar contrarrazões ao recurso.,Prazos e Audiências
235,Lembrete urgente: audiência de instrução trabalhista hoje às 08h.,Prazos e Audiências
236,Oitiva do perito marcada para a próxima terça-feira à tarde.,Prazos e Audiências
237,O prazo para formular quesitos complementares vence amanhã.,Prazos e Audiências
238,Prazo para pagamento voluntário de 15 dias iniciou hoje.,Prazos e Audiências
240,Faltam 3 dias para o término do prazo de juntada de procuração.,Prazos e Audiências
241,Prazo judicial prorrogado por mais 5 dias úteis pelo magistrado.,Prazos e Audiências
242,Prazo para alegações finais por memoriais encerra hoje.,Prazos e Audiências
243,Você tem uma audiência admonitória amanhã no primeiro horário.,Prazos e Audiências
245,Prazo peremptório não comporta dilação: vence irrevogavelmente amanhã.,Prazos e Audiências
246,Audiência de hoje cancelada. O sistema aguarda nova data do cartório.,Prazos e Audiências
248,Inicia-se amanhã a fluência do prazo legal para contestar a ação.,Prazos e Audiências
250,Sessão plenária do tribunal de justiça marcada para quarta-feira.,Prazos e Audiências
251,A audiência admonitória está confirmada para hoje.,Prazos e Audiências
252,A audiência admonitória foi adiada para o próximo mês. Verifique os autos para mais detalhes.,Prazos e Audiências
253,A audiência admonitória foi remarcada para sexta-feira. O sistema PJe já foi atualizado.,Prazos e Audiências
255,A audiência de conciliação acontecerá na sala 3 do CEJUSC.,Prazos e Audiências
257,A audiência de conciliação foi adiada para o próximo mês. Verifique os autos para mais detalhes.,Prazos e Audiências
259,A audiência de conciliação foi designada para amanhã. Notifique o cliente com urgência.,Prazos e Audiências
260,A audiência de conciliação foi designada para amanhã. O sistema PJe já foi atualizado.,Prazos e Audiências
262,A audiência de conciliação foi remarcada para sexta-feira. O sistema PJe já foi atualizado.,Prazos e Audiências
263,A audiência de conciliação será presencial no fórum. Prepare a documentação necessária.,Prazos e Audiências
264,A audiência de custódia acontecerá na sala 3 do CEJUSC.,Prazos e Audiências
265,A audiência de custódia está confirmada para hoje.,Prazos e Audiências
266,A audiência de custódia foi adiada para o próximo mês. Prepare a documentação necessária.,Prazos e Audiências
267,A audiência de custódia foi designada para amanhã.,Prazos e Audiências
268,A audiência de custódia foi designada para amanhã. Atenção ao calendário interno.,Prazos e Audiências
269,A audiência de custódia será presencial no fórum. Revise os memoriais antes da data.,Prazos e Audiências
270,A audiência de instrução e julgamento foi designada para amanhã. O sistema PJe já foi atualizado.,Prazos e Audiências
271,A audiência de instrução e julgamento foi designada para amanhã. Verifique os autos para mais detalhes.,Prazos e Audiências
272,A audiência de instrução e julgamento foi remarcada para sexta-feira.,Prazos e Audiências
273,A audiência de instrução e julgamento foi remarcada para sexta-feira. Atenção ao calendário interno.,Prazos e Audiências
275,A audiência de justificação acontecerá na sala 3 do CEJUSC.,Prazos e Audiências
276,A audiência de justificação está aguardando o link da vara. A parte contrária já foi intimada.,Prazos e Audiências
277,A audiência de justificação está aguardando o link da vara. Não perca o horário estabelecido.,Prazos e Audiências
278,A audiência de justificação está confirmada para hoje.,Prazos e Audiências
279,A audiência de justificação está confirmada para hoje. Atenção ao calendário interno.,Prazos e Audiências
281,A audiência de justificação foi designada para amanhã. Verifique os autos para mais detalhes.,Prazos e Audiências
282,A audiência de justificação ocorrerá de forma 100% virtual. Revise os memoriais antes da data.,Prazos e Audiências
283,A audiência de justificação será presencial no fórum.,Prazos e Audiências
284,A audiência de justificação será presencial no fórum. Atenção ao calendário interno.,Prazos e Audiências
285,A audiência de oitiva de testemunhas está aguardando o link da vara. A parte contrária já foi intimada.,Prazos e Audiências
286,A audiência de oitiva de testemunhas foi cancelada pelo juízo. Notifique o cliente com urgência.,Prazos e Audiências
287,A audiência de oitiva de testemunhas foi designada para amanhã. Prepare a documentação necessária.,Prazos e Audiências
288,A audiência de oitiva de testemunhas ocorrerá de forma 100% virtual. O estagiário já incluiu na agenda.,Prazos e Audiências
289,A audiência de oitiva de testemunhas ocorrerá de forma 100% virtual. O sistema PJe já foi atualizado.,Prazos e Audiências
293,A reunião de tentativa de acordo foi cancelada pelo juízo. A parte contrária já foi intimada.,Prazos e Audiências
294,A reunião de tentativa de acordo ocorrerá de forma 100% virtual. Não perca o horário estabelecido.,Prazos e Audiências
295,A reunião de tentativa de acordo ocorrerá de forma 100% virtual. Verifique os autos para mais detalhes.,Prazos e Audiências
296,A reunião de tentativa de acordo será presencial no fórum. Revise os memoriais antes da data.,Prazos e Audiências
297,A reunião de tentativa de acordo será presencial no fórum. Verifique os autos para mais detalhes.,Prazos e Audiências
298,A sessão de julgamento virtual está aguardando o link da vara.,Prazos e Audiências
299,A sessão de julgamento virtual está aguardando o link da vara. A parte contrária já foi intimada.,Prazos e Audiências
300,A sessão de julgamento virtual foi remarcada para sexta-feira.,Prazos e Audiências
301,A sessão de julgamento virtual será presencial no fórum. Evite a perda da oportunidade legal.,Prazos e Audiências
303,A sessão de mediação familiar foi cancelada pelo juízo. A parte contrária já foi intimada.,Prazos e Audiências
304,A sessão de mediação familiar foi cancelada pelo juízo. Prepare a documentação necessária.,Prazos e Audiências
306,A sessão de mediação familiar ocorrerá de forma 100% virtual. Prepare a documentação necessária.,Prazos e Audiências
307,A sessão de mediação familiar ocorrerá de forma 100% virtual. Revise os memoriais antes da data.,Prazos e Audiências
309,A sessão plenária do júri está confirmada para hoje. A parte contrária já foi intimada.,Prazos e Audiências
310,A sessão plenária do júri está confirmada para hoje. Não perca o horário estabelecido.,Prazos e Audiências
311,A sessão plenária do júri teve o horário antecipado para as 09h.,Prazos e Audiências
312,A sessão plenária do júri teve o horário antecipado para as 09h. O estagiário já incluiu na agenda.,Prazos e Audiências
314,Alerta de prazo: o prazo comum foi prorrogado pelo juiz.,Prazos e Audiências
315,Alerta de prazo: o prazo para alegações finais não comporta mais dilação.,Prazos e Audiências
316,Alerta de prazo: o prazo para contestação não comporta mais dilação.,Prazos e Audiências
319,Aviso de pauta: a audiência de instrução e julgamento está aguardando o link da vara.,Prazos e Audiências
320,Aviso de pauta: a audiência de justificação teve o horário antecipado para as 09h.,Prazos e Audiências
321,Aviso de pauta: a audiência de oitiva de testemunhas acontecerá na sala 3 do CEJUSC.,Prazos e Audiências
323,Aviso de pauta: a reunião de tentativa de acordo teve o horário antecipado para as 09h.,Prazos e Audiências
324,Aviso de pauta: o prazo para réplica foi devolvido por 10 dias.,Prazos e Audiências
325,O prazo comum acaba em 48 horas.,Prazos e Audiências
328,O prazo comum inicia-se amanhã. O sistema PJe já foi atualizado.,Prazos e Audiências
329,O prazo comum termina em 5 dias úteis. Notifique o cliente com urgência.,Prazos e Audiências
330,O prazo de 15 dias úteis vence hoje. Verifique os autos para mais detalhes.,Prazos e Audiências
332,O prazo em dobro para a Fazenda está suspenso durante o recesso. Atenção ao calendário interno.,Prazos e Audiências
333,O prazo em dobro para a Fazenda foi devolvido por 10 dias. Atenção ao calendário interno.,Prazos e Audiências
335,O prazo para alegações finais não comporta mais dilação. Não perca o horário estabelecido.,Prazos e Audiências
337,O prazo para contestação encerra-se na próxima sexta-feira. Prepare a documentação necessária.,Prazos e Audiências
338,O prazo para contestação encerra-se na próxima sexta-feira. Revise os memoriais antes da data.,Prazos e Audiências
339,O prazo para contestação expira amanhã às 18h. Não perca o horário estabelecido.,Prazos e Audiências
340,O prazo para contestação foi devolvido por 10 dias. Atenção ao calendário interno.,Prazos e Audiências
342,O prazo para contestação termina em 5 dias úteis. O sistema PJe já foi atualizado.,Prazos e Audiências
345,O prazo para embargos de declaração foi devolvido por 10 dias. O sistema PJe já foi atualizado.,Prazos e Audiências
350,O prazo para impugnação termina em 5 dias úteis. Atenção ao calendário interno.,Prazos e Audiências
351,O prazo para juntada de procuração encerra-se na próxima sexta-feira. Revise os memoriais antes da data.,Prazos e Audiências
352,O prazo para juntada de procuração foi prorrogado pelo juiz.,Prazos e Audiências
354,O prazo para juntada de procuração não comporta mais dilação.,Prazos e Audiências
356,O prazo para manifestação sobre o laudo expira amanhã às 18h. Não perca o horário estabelecido.,Prazos e Audiências
357,O prazo para manifestação sobre o laudo foi devolvido por 10 dias. Verifique os autos para mais detalhes.,Prazos e Audiências
358,O prazo para manifestação sobre o laudo foi prorrogado pelo juiz.,Prazos e Audiências
359,O prazo para manifestação sobre o laudo inicia-se amanhã.,Prazos e Audiências
362,O prazo para preparo recursal encerra-se na próxima sexta-feira. Evite a perda da oportunidade legal.,Prazos e Audiências
363,O prazo para preparo recursal foi devolvido por 10 dias.,Prazos e Audiências
369,O prazo para recurso inominado termina em 5 dias úteis. Verifique os autos para mais detalhes.,Prazos e Audiências
370,O prazo para rol de testemunhas foi devolvido por 10 dias.,Prazos e Audiências
371,O prazo para rol de testemunhas foi prorrogado pelo juiz. Evite a perda da oportunidade legal.,Prazos e Audiências
372,O prazo para rol de testemunhas foi prorrogado pelo juiz. Revise os memoriais antes da data.,Prazos e Audiências
375,O prazo para rol de testemunhas vence hoje. Verifique os autos para mais detalhes.,Prazos e Audiências
376,O prazo para réplica acaba em 48 horas.,Prazos e Audiências
377,O prazo para réplica acaba em 48 horas. O estagiário já incluiu na agenda.,Prazos e Audiências
378,O prazo para réplica encerra-se na próxima sexta-feira. A parte contrária já foi intimada.,Prazos e Audiências
379,O prazo para réplica está suspenso durante o recesso. O sistema PJe já foi atualizado.,Prazos e Audiências
381,O prazo para réplica vence hoje. Notifique o cliente com urgência.,Prazos e Audiências
383,O prazo peremptório expira amanhã às 18h.,Prazos e Audiências
384,O prazo peremptório foi devolvido por 10 dias.,Prazos e Audiências
385,O prazo peremptório inicia-se amanhã. Atenção ao calendário interno.,Prazos e Audiências
387,O prazo prescricional foi prorrogado pelo juiz. Evite a perda da oportunidade legal.,Prazos e Audiências
390,Urgente: a audiência de instrução e julgamento está aguardando o link da vara.,Prazos e Audiências
391,Urgente: a audiência de justificação está aguardando o link da vara.,Prazos e Audiências
393,Urgente: a sessão de mediação familiar ocorrerá de forma 100% virtual.,Prazos e Audiências
394,Urgente: a sessão de mediação familiar teve o horário antecipado para as 09h.,Prazos e Audiências
396,Urgente: o prazo comum foi prorrogado pelo juiz.,Prazos e Audiências
399,Urgente: o prazo para embargos de declaração foi prorrogado pelo juiz.,Prazos e Audiências
400,Urgente: o prazo para juntada de procuração foi prorrogado pelo juiz.,Prazos e Audiências
402,Procuração pendente de assinatura digital via DocuSign.,Gestão de Documentos
403,Contrato de honorários revisado e pronto para envio ao cliente.,Gestão de Documentos
404,O arquivo PDF da petição inicial excedeu o limite de tamanho do PJe.,Gestão de Documentos
405,Documentação de qualificação do réu recebida por e-mail.,Gestão de Documentos
406,Faltam RG e CPF atualizados na pasta digital do cliente.,Gestão de Documentos
407,Certidão de nascimento digitalizada e salva na nuvem corporativa.,Gestão de Documentos
408,Relatório médico anexado com sucesso ao dossiê previdenciário.,Gestão de Documentos
409,Cliente solicitou cópia do contrato de prestação de serviços.,Gestão de Documentos
411,Nova versão do acordo de confidencialidade (NDA) salva na rede.,Gestão de Documentos
412,Comprovantes de despesas médicas do mês foram indexados.,Gestão de Documentos
414,Declaração de hipossuficiência assinada digitalmente pelo cliente.,Gestão de Documentos
415,Contrato de locação comercial escaneado e arquivado na pasta.,Gestão de Documentos
417,Os contracheques do reclamante foram renomeados por ordem de data.,Gestão de Documentos
418,Procuração ad judicia expirada. Favor solicitar nova via ao cliente.,Gestão de Documentos
420,Termo de acordo extrajudicial protocolado na rede interna.,Gestão de Documentos
421,Nova pasta compartilhada criada para os documentos do litígio.,Gestão de Documentos
424,Documentos societários da empresa ré estão disponíveis para download.,Gestão de Documentos
425,Matrícula atualizada do imóvel recebida do cartório de registro.,Gestão de Documentos
426,Digitalização dos autos físicos concluída e salva no sistema.,Gestão de Documentos
427,Petição de juntada de novos documentos assinada com token OAB.,Gestão de Documentos
428,Requerimento administrativo de pensão gerado em formato PDF/A.,Gestão de Documentos
430,O estatuto social atualizado foi validado pelo setor paralegal.,Gestão de Documentos
431,Laudo pericial completo precisou ser fragmentado em 3 partes.,Gestão de Documentos
432,Comprovante de recolhimento de guia DARF anexado à pasta da empresa.,Gestão de Documentos
435,Cópia integral do inquérito policial baixada e salva na pasta Sigilo.,Gestão de Documentos
436,A ata notarial foi recebida em PDF e encaminhada ao setor cível.,Gestão de Documentos
437,Recibos de aluguel ilegíveis. Solicitar novo envio em alta resolução.,Gestão de Documentos
438,Certificado digital A3 do advogado titular expira em 15 dias.,Gestão de Documentos
440,Cartas de citação impressas e prontas para envio pelo correio.,Gestão de Documentos
441,Parecer técnico do assistente anexado ao controle de provas da pasta.,Gestão de Documentos
442,OCR concluído: o contrato escaneado agora possui texto pesquisável.,Gestão de Documentos
443,Carta de preposição gerada automaticamente pelo sistema interno.,Gestão de Documentos
444,Exportação do relatório de andamentos gerada em planilha.,Gestão de Documentos
445,Comprovantes de transferência reunidos em um único arquivo zipado.,Gestão de Documentos
446,Documentação complementar de ICMS recebida da contabilidade hoje.,Gestão de Documentos
449,Contrato social consolidado salvo na subpasta de atos constitutivos.,Gestão de Documentos
450,Cópias das conversas de WhatsApp formatadas e salvas para prova.,Gestão de Documentos
451,A ata notarial excedeu o limite de tamanho do sistema pelo assistente jurídico.,Gestão de Documentos
453,A ata notarial foi salva na pasta do cliente pelo assistente jurídico.,Gestão de Documentos
454,A carta de preposição foi assinada via certificado A3 pelo assistente jurídico.,Gestão de Documentos
456,A carta de preposição foi enviada para o e-mail do cliente pelo assistente jurídico.,Gestão de Documentos
457,A carta de preposição foi salva na pasta do cliente no dossiê previdenciário.,Gestão de Documentos
459,A carta de preposição precisa ser reencaminhada para uso na audiência de amanhã.,Gestão de Documentos
460,A certidão de trânsito em julgado excedeu o limite de tamanho do sistema via aplicativo.,Gestão de Documentos
461,A certidão de trânsito em julgado foi corrompida durante o upload para cumprimento.,Gestão de Documentos
464,A certidão de trânsito em julgado foi rejeitada pelo tribunal pelo assistente jurídico.,Gestão de Documentos
465,A certidão de trânsito em julgado passou por OCR e está pesquisável.,Gestão de Documentos
466,A certidão de trânsito em julgado precisa ser reencaminhada.,Gestão de Documentos
467,A certidão negativa de débitos foi assinada via certificado A3 pelo assistente jurídico.,Gestão de Documentos
468,A certidão negativa de débitos foi rejeitada pelo tribunal para uso na audiência.,Gestão de Documentos
470,A certidão negativa de débitos passou por OCR e está pesquisável e o cliente foi notificado.,Gestão de Documentos
471,A declaração de hipossuficiência está disponível para download para conferência final.,Gestão de Documentos
472,A declaração de hipossuficiência está disponível para download.,Gestão de Documentos
473,A declaração de hipossuficiência foi corrompida durante o upload para instrução.,Gestão de Documentos
474,A declaração de hipossuficiência foi digitalizada em alta resolução para audiência.,Gestão de Documentos
475,A declaração de hipossuficiência foi enviada para o e-mail via plataforma DocuSign.,Gestão de Documentos
477,A declaração de hipossuficiência foi salva na pasta do cliente no dossiê previdenciário.,Gestão de Documentos
478,A escritura do imóvel está aguardando validação do gestor via plataforma DocuSign.,Gestão de Documentos
479,A escritura do imóvel foi digitalizada em alta resolução via plataforma DocuSign.,Gestão de Documentos
480,A escritura do imóvel foi encaminhada ao setor paralegal pelo assistente jurídico.,Gestão de Documentos
481,A escritura do imóvel foi protocolada na rede interna pelo assistente jurídico.,Gestão de Documentos
482,A escritura do imóvel foi protocolada na rede interna.,Gestão de Documentos
483,A escritura do imóvel foi rejeitada pelo tribunal no portal eletrônico.,Gestão de Documentos
484,A guia de recolhimento está disponível para download e o cliente já foi notificado.,Gestão de Documentos
487,A guia de recolhimento foi anexada com sucesso para uso na audiência de amanhã.,Gestão de Documentos
488,A guia de recolhimento foi digitalizada em alta resolução para instrução probatória.,Gestão de Documentos
491,A guia de recolhimento foi salva na pasta do cliente na subpasta de atos constitutivos.,Gestão de Documentos
495,A petição inicial está pendente de assinatura digital para instrução probatória.,Gestão de Documentos
497,A petição inicial excedeu o limite de tamanho do sistema no dossiê previdenciário.,Gestão de Documentos
498,A petição inicial foi assinada via certificado A3 na nuvem corporativa.,Gestão de Documentos
502,A petição inicial passou por OCR e está pesquisável via plataforma DocuSign.,Gestão de Documentos
503,A procuração ad judicia está aguardando validação do gestor pelo assistente jurídico.,Gestão de Documentos
504,A procuração ad judicia está disponível para download no sistema interno do escritório.,Gestão de Documentos
505,A procuração ad judicia foi digitalizada em alta resolução pelo assistente jurídico.,Gestão de Documentos
507,A procuração ad judicia foi protocolada na rede interna no portal eletrônico.,Gestão de Documentos
508,A procuração ad judicia foi protocolada na rede interna para cumprimento de prazo.,Gestão de Documentos
509,A procuração ad judicia foi protocolada na rede interna.,Gestão de Documentos
510,A procuração ad judicia passou por OCR e está pesquisável.,Gestão de Documentos
511,Alerta: a carta de preposição está aguardando validação do gestor.,Gestão de Documentos
512,Alerta: a carta de preposição foi rejeitada pelo tribunal.,Gestão de Documentos
513,Alerta: a escritura do imóvel está disponível para download.,Gestão de Documentos
515,Alerta: o contrato social está aguardando validação do gestor.,Gestão de Documentos
516,Alerta: o contrato social foi assinado via certificado A3.,Gestão de Documentos
519,Documentação: a declaração de hipossuficiência está disponível para download.,Gestão de Documentos
521,Documentação: a procuração ad judicia foi protocolada na rede interna.,Gestão de Documentos
523,Documentação: o RG atualizado do cliente foi fragmentado em múltiplas partes.,Gestão de Documentos
525,Documentação: o termo de confidencialidade (NDA) foi rejeitado pelo tribunal.,Gestão de Documentos
528,O RG atualizado do cliente está pendente de assinatura digital e o cliente foi notificado.,Gestão de Documentos
530,O RG atualizado do cliente foi assinado via certificado A3 na nuvem corporativa.,Gestão de Documentos
531,O RG atualizado do cliente foi encaminhado ao setor paralegal no sistema interno.,Gestão de Documentos
532,O RG atualizado do cliente foi protocolado na rede interna para conferência final.,Gestão de Documentos
533,O RG atualizado do cliente foi salvo na pasta do cliente na subpasta de atos.,Gestão de Documentos
534,O RG atualizado do cliente foi salvo na pasta do cliente para cumprimento de prazo.,Gestão de Documentos
535,O RG atualizado do cliente foi salvo na pasta do cliente para instrução probatória.,Gestão de Documentos
536,O comprovante de residência está pendente de assinatura digital.,Gestão de Documentos
538,O comprovante de residência foi anexado com sucesso.,Gestão de Documentos
539,O comprovante de residência foi assinado via certificado A3 e o cliente já foi notificado.,Gestão de Documentos
541,O comprovante de residência foi corrompido durante o upload no sistema interno.,Gestão de Documentos
542,O comprovante de residência foi enviado para o e-mail do cliente no sistema interno.,Gestão de Documentos
543,O comprovante de residência foi enviado para o e-mail do cliente pelo sócio.,Gestão de Documentos
546,O comprovante de residência foi protocolado na rede interna no portal eletrônico.,Gestão de Documentos
549,O contrato de honorários foi encaminhado ao setor paralegal no dossiê previdenciário.,Gestão de Documentos
550,O contrato de honorários foi encaminhado ao setor paralegal.,Gestão de Documentos
551,O contrato de honorários foi enviado para o e-mail do cliente.,Gestão de Documentos
552,O contrato de honorários foi rejeitado pelo tribunal e o cliente já foi notificado.,Gestão de Documentos
553,O contrato de locação foi anexado com sucesso pelo assistente jurídico.,Gestão de Documentos
555,O contrato de locação foi enviado para o e-mail do cliente no dossiê previdenciário.,Gestão de Documentos
556,O contrato de locação foi protocolado na rede interna via plataforma DocuSign.,Gestão de Documentos
559,O contrato social passou por OCR e está pesquisável no dossiê previdenciário.,Gestão de Documentos
560,O contrato social precisa ser reencaminhado.,Gestão de Documentos
561,O laudo pericial está disponível para download pelo assistente jurídico.,Gestão de Documentos
563,O parecer técnico está disponível para download.,Gestão de Documentos
564,O parecer técnico foi anexado com sucesso.,Gestão de Documentos
565,O parecer técnico foi digitalizado em alta resolução.,Gestão de Documentos
566,O parecer técnico foi fragmentado em múltiplas partes.,Gestão de Documentos
567,O relatório médico está aguardando validação do gestor pelo assistente jurídico.,Gestão de Documentos
569,O relatório médico foi anexado com sucesso para uso na audiência de amanhã.,Gestão de Documentos
570,O relatório médico foi corrompido durante o upload na subpasta de atos constitutivos.,Gestão de Documentos
572,O relatório médico foi fragmentado em múltiplas partes na subpasta de atos.,Gestão de Documentos
573,O relatório médico foi fragmentado em múltiplas partes.,Gestão de Documentos
574,O relatório médico foi protocolado na rede interna para conferência final.,Gestão de Documentos
576,O substabelecimento foi digitalizado em alta resolução.,Gestão de Documentos
577,O substabelecimento foi salvo na pasta do cliente no sistema interno do escritório.,Gestão de Documentos
578,O termo de confidencialidade (NDA) está pendente de assinatura digital via aplicativo.,Gestão de Documentos
580,O termo de confidencialidade (NDA) foi enviado para o e-mail do cliente.,Gestão de Documentos
582,O termo de confidencialidade (NDA) foi salvo na pasta do cliente para instrução.,Gestão de Documentos
585,Status interno: a ata notarial foi rejeitada pelo tribunal.,Gestão de Documentos
586,Status interno: a declaração de hipossuficiência foi assinada via certificado A3.,Gestão de Documentos
587,Status interno: a petição inicial foi anexada com sucesso.,Gestão de Documentos
588,Status interno: a petição inicial foi rejeitada pelo tribunal.,Gestão de Documentos
589,Status interno: o comprovante de residência foi encaminhado ao setor paralegal.,Gestão de Documentos
590,Status interno: o contrato de honorários está aguardando validação do gestor.,Gestão de Documentos
592,Status interno: o substabelecimento foi enviado para o e-mail do cliente.,Gestão de Documentos
593,Upload falhou: a ata notarial foi rejeitada pelo tribunal.,Gestão de Documentos
594,Upload falhou: a certidão de trânsito em julgado está disponível para download.,Gestão de Documentos
595,Upload falhou: a certidão de trânsito em julgado foi corrompida durante o upload.,Gestão de Documentos
597,Upload falhou: a certidão de trânsito em julgado precisa ser reencaminhada.,Gestão de Documentos
598,Upload falhou: o contrato de honorários foi digitalizado em alta resolução.,Gestão de Documentos
599,Upload falhou: o RG atualizado do cliente foi fragmentado em múltiplas partes.,Gestão de Documentos
600,Upload falhou: o substabelecimento está disponível para download.,Gestão de Documentos
601,Guia de custas iniciais gerada e enviada ao e-mail do cliente.,Financeiro e Custas
604,"Custas complementares calculadas no valor de R$ 250,00.",Financeiro e Custas
605,O cliente ainda não realizou o pagamento das custas de citação.,Financeiro e Custas
606,Comprovante de recolhimento de custas anexado ao sistema financeiro.,Financeiro e Custas
608,Taxa de desarquivamento do processo aguardando pagamento.,Financeiro e Custas
610,Guia de recolhimento da União (GRU) paga pelo setor financeiro.,Financeiro e Custas
612,Pagamento de honorários contratuais do cliente foi compensado.,Financeiro e Custas
613,Fatura referente a horas consultivas vencida há 5 dias.,Financeiro e Custas
614,Honorários de êxito (30%) calculados sobre o valor da condenação.,Financeiro e Custas
615,Acordo de parcelamento de honorários formalizado em 12 vezes.,Financeiro e Custas
616,PIX do cliente recebido. A fatura mensal foi baixada no sistema.,Financeiro e Custas
617,Falha na emissão da nota fiscal de prestação de serviços jurídicos.,Financeiro e Custas
618,Cliente solicitou segunda via do boleto de honorários de agosto.,Financeiro e Custas
619,"Honorários sucumbenciais no valor de R$ 5.000,00 creditados na conta.",Financeiro e Custas
620,Lembrete: emitir nota fiscal contra o cliente até amanhã.,Financeiro e Custas
621,Alvará judicial liberado e transferido para a conta do escritório.,Financeiro e Custas
622,"Determinado o depósito em juízo no valor de R$ 15.000,00.",Financeiro e Custas
623,Atualização do saldo da conta vinculada ao depósito judicial.,Financeiro e Custas
625,Alvará eletrônico aguardando assinatura do juiz para liberação.,Financeiro e Custas
626,Levantamento de valores realizado com sucesso. Repasse pendente.,Financeiro e Custas
627,RPV (Requisição de Pequeno Valor) expedida com sucesso no sistema.,Financeiro e Custas
628,Precatório inscrito para pagamento no exercício do próximo ano.,Financeiro e Custas
629,O valor bloqueado via Sisbajud foi transferido para conta judicial.,Financeiro e Custas
630,Expedido mandado de pagamento em favor do autor da ação.,Financeiro e Custas
631,Despesa com motoboy lançada no centro de custos do processo.,Financeiro e Custas
632,Solicitação de reembolso de viagem para audiência aprovada.,Financeiro e Custas
633,Honorários periciais calculados e cobrados na fatura do cliente.,Financeiro e Custas
634,Guia de diligência do oficial de justiça paga no aplicativo.,Financeiro e Custas
635,Custo com tradução juramentada incluído no faturamento do mês.,Financeiro e Custas
636,"Lançada despesa de R$ 50,00 referente à emissão de certidões.",Financeiro e Custas
640,Custo de averbação em cartório aguardando aprovação do cliente.,Financeiro e Custas
641,Alerta: inadimplência do cliente ultrapassou a marca de 30 dias.,Financeiro e Custas
643,Cálculo de liquidação de sentença finalizado pela controladoria.,Financeiro e Custas
644,Planilha de débitos judiciais atualizada com juros e correção monetária.,Financeiro e Custas
645,Bloqueio judicial na conta da empresa ré confirmado no valor total.,Financeiro e Custas
646,Penhora de faturamento deferida: conta judicial receberá 10% mensais.,Financeiro e Custas
647,Repasse do valor do acordo extrajudicial para a conta do cliente concluído.,Financeiro e Custas
649,Estorno do pagamento em duplicidade realizado na conta do cliente.,Financeiro e Custas
650,Fechamento financeiro do mês concluído. Relatório gerencial disponível.,Financeiro e Custas
651,Acordo financeiro quitado aguardando compensação bancária.,Financeiro e Custas
655,Acordo financeiro quitado.,Financeiro e Custas
656,Alvará de levantamento expedido no sistema interno.,Financeiro e Custas
657,"Alvará de levantamento expedido no valor de R$ 22.500,00 no sistema interno.",Financeiro e Custas
658,"Alvará de levantamento expedido no valor de R$ 25.000,00 aguardando aprovação da diretoria.",Financeiro e Custas
659,Alvará de levantamento expedido pela controladoria jurídica.,Financeiro e Custas
661,Bloqueio Sisbajud transferido e notificação enviada ao financeiro.,Financeiro e Custas
662,Bloqueio Sisbajud transferido e o comprovante anexado aos autos.,Financeiro e Custas
663,Bloqueio Sisbajud transferido pelo setor financeiro.,Financeiro e Custas
664,Boleto de honorários emitido com acréscimo de multa contratual.,Financeiro e Custas
665,Boleto de honorários emitido com sucesso.,Financeiro e Custas
666,Boleto de honorários emitido e notificação enviada ao financeiro.,Financeiro e Custas
667,"Boleto de honorários emitido no valor de R$ 20.000,00 referente ao mês vigente.",Financeiro e Custas
671,Custas complementares recolhidas e o comprovante anexado aos autos.,Financeiro e Custas
672,Custas complementares recolhidas no portal do tribunal.,Financeiro e Custas
673,"Custas complementares recolhidas no valor de R$ 1.500,00 para conferência do sócio.",Financeiro e Custas
674,"Custas complementares recolhidas no valor de R$ 12.000,00 conforme determinação judicial.",Financeiro e Custas
675,Custas de citação pendentes e notificação enviada ao financeiro.,Financeiro e Custas
676,"Custas de citação pendentes no valor de R$ 13.500,00 com acréscimo de multa contratual.",Financeiro e Custas
677,"Custas de citação pendentes no valor de R$ 24.500,00 para a conta do escritório.",Financeiro e Custas
678,"Custas de citação pendentes no valor de R$ 3.500,00 com acréscimo de multa contratual.",Financeiro e Custas
679,Custas de citação pendentes no valor integral da condenação.,Financeiro e Custas
680,Custas de citação pendentes pela controladoria jurídica.,Financeiro e Custas
681,Cálculo de liquidação atualizado e enviada ao cliente.,Financeiro e Custas
683,"Cálculo de liquidação atualizado no valor de R$ 24.000,00 conforme tabela da OAB.",Financeiro e Custas
684,Cálculo de liquidação atualizado no valor integral da condenação.,Financeiro e Custas
685,Cálculo de liquidação atualizado pelo setor financeiro.,Financeiro e Custas
686,Cálculo de liquidação atualizado.,Financeiro e Custas
687,Depósito recursal efetuado pelo setor financeiro.,Financeiro e Custas
688,Depósito recursal efetuado.,Financeiro e Custas
689,Despesa de cartório lançada conforme determinação judicial.,Financeiro e Custas
691,Despesa de cartório lançada pela controladoria jurídica.,Financeiro e Custas
692,Despesa de cartório lançada referente ao mês vigente.,Financeiro e Custas
694,Despesa de cartório lançada.,Financeiro e Custas
695,Estorno de honorários concluído aguardando aprovação da diretoria.,Financeiro e Custas
700,Fatura mensal vencida com vencimento para amanhã.,Financeiro e Custas
701,Fatura mensal vencida e o comprovante anexado aos autos.,Financeiro e Custas
702,Fatura mensal vencida no portal do tribunal.,Financeiro e Custas
703,Fatura mensal vencida para a conta do escritório.,Financeiro e Custas
705,Fatura mensal vencida.,Financeiro e Custas
706,Fundo fixo de despesas atualizado com vencimento para amanhã.,Financeiro e Custas
707,Fundo fixo de despesas atualizado no sistema interno.,Financeiro e Custas
708,"Fundo fixo de despesas atualizado no valor de R$ 12.500,00 referente ao mês vigente.",Financeiro e Custas
709,"Fundo fixo de despesas atualizado no valor de R$ 5.500,00 e enviada ao cliente.",Financeiro e Custas
710,Fundo fixo de despesas atualizado.,Financeiro e Custas
711,Guia DARE recolhida aguardando aprovação da diretoria.,Financeiro e Custas
714,Guia DARE recolhida no valor integral da condenação.,Financeiro e Custas
715,Guia DARE recolhida.,Financeiro e Custas
717,"Guia de custas finais gerada no valor de R$ 8.500,00 pela controladoria jurídica.",Financeiro e Custas
718,Guia de custas finais gerada sem incidência de juros.,Financeiro e Custas
719,Guia de custas finais gerada.,Financeiro e Custas
721,Guia de preparo recursal paga com vencimento para amanhã.,Financeiro e Custas
722,Guia de preparo recursal paga no sistema interno.,Financeiro e Custas
725,Guia de preparo recursal paga.,Financeiro e Custas
727,"Honorários contratuais compensados no valor de R$ 5.000,00 com vencimento para amanhã.",Financeiro e Custas
732,Honorários de sucumbência creditados no sistema interno.,Financeiro e Custas
733,"Honorários de sucumbência creditados no valor de R$ 2.500,00 e notificação enviada ao financeiro.",Financeiro e Custas
734,"Honorários de sucumbência creditados no valor de R$ 7.000,00 no valor integral da condenação.",Financeiro e Custas
735,Honorários de sucumbência creditados.,Financeiro e Custas
736,Lançamento de despesa de viagem aguardando compensação bancária.,Financeiro e Custas
737,Lançamento de despesa de viagem com acréscimo de multa contratual.,Financeiro e Custas
738,Lançamento de despesa de viagem e notificação enviada ao financeiro.,Financeiro e Custas
741,Lançamento de despesa de viagem pelo setor financeiro.,Financeiro e Custas
742,Lançamento de despesa de viagem.,Financeiro e Custas
743,"Nota fiscal cancelada no valor de R$ 20.500,00 e baixada no sistema.",Financeiro e Custas
746,Nota fiscal emitida com sucesso com vencimento para amanhã.,Financeiro e Custas
750,Nota fiscal emitida com sucesso sem incidência de juros.,Financeiro e Custas
752,"Pagamento do perito efetuado no valor de R$ 18.000,00 aguardando compensação bancária.",Financeiro e Custas
753,"Pagamento do perito efetuado no valor de R$ 24.000,00 pela controladoria jurídica.",Financeiro e Custas
754,"Pagamento do perito efetuado no valor de R$ 9.000,00 no sistema interno.",Financeiro e Custas
755,Pagamento do perito efetuado referente ao mês vigente.,Financeiro e Custas
756,Pagamento do perito efetuado.,Financeiro e Custas
757,Pedido de estorno solicitado aguardando compensação bancária.,Financeiro e Custas
762,Pedido de estorno solicitado.,Financeiro e Custas
765,"Penhora online confirmada na conta no valor de R$ 21.000,00 e o comprovante anexado aos autos.",Financeiro e Custas
766,Penhora online confirmada na conta no valor integral da condenação.,Financeiro e Custas
767,Penhora online confirmada na conta.,Financeiro e Custas
768,Reembolso de diligência aprovado aguardando aprovação da diretoria.,Financeiro e Custas
769,Reembolso de diligência aprovado com vencimento para amanhã.,Financeiro e Custas
770,Reembolso de diligência aprovado no sistema interno.,Financeiro e Custas
771,"Reembolso de diligência aprovado no valor de R$ 6.500,00 com sucesso.",Financeiro e Custas
775,"Repasse ao cliente finalizado no valor de R$ 10.000,00 pela controladoria jurídica.",Financeiro e Custas
777,"Repasse ao cliente finalizado no valor de R$ 4.500,00 pela controladoria jurídica.",Financeiro e Custas
778,Repasse ao cliente finalizado no valor integral da condenação.,Financeiro e Custas
779,Repasse ao cliente finalizado para a conta do escritório.,Financeiro e Custas
780,Repasse ao cliente finalizado para conferência do sócio.,Financeiro e Custas
781,Retenção de imposto calculada aguardando aprovação da diretoria.,Financeiro e Custas
785,Retenção de imposto calculada.,Financeiro e Custas
786,Solicitação de verba aprovada aguardando compensação bancária.,Financeiro e Custas
787,Solicitação de verba aprovada e notificação enviada ao financeiro.,Financeiro e Custas
788,Solicitação de verba aprovada.,Financeiro e Custas
789,Taxa de desarquivamento paga aguardando aprovação da diretoria.,Financeiro e Custas
790,Taxa de desarquivamento paga no sistema interno.,Financeiro e Custas
791,"Taxa de desarquivamento paga no valor de R$ 10.000,00 para conferência do sócio.",Financeiro e Custas
792,Taxa de desarquivamento paga.,Financeiro e Custas
793,Transferência judicial realizada e baixada no sistema.,Financeiro e Custas
794,"Transferência judicial realizada no valor de R$ 11.000,00 no valor integral da condenação.",Financeiro e Custas
796,"Transferência judicial realizada no valor de R$ 6.000,00 referente ao mês vigente.",Financeiro e Custas
797,"Transferência judicial realizada no valor de R$ 8.000,00 para conferência do sócio.",Financeiro e Custas
798,Transferência judicial realizada.,Financeiro e Custas
799,"Guia de custas processuais complementares no valor de R$ 570,00 foi compensada (550).",Financeiro e Custas
801,Novo despacho publicado no processo nº 0012345-67.2023.8.20.0001.,Andamentos Processuais
803,Trânsito em julgado certificado no processo de execução.,Andamentos Processuais
804,Juntada de petição de manifestação da parte contrária.,Andamentos Processuais
805,Publicada a pauta de julgamento do recurso de apelação.,Andamentos Processuais
806,Expedido mandado de citação e intimação.,Andamentos Processuais
807,Devolvido o mandado cumprido positivo pelo oficial de justiça.,Andamentos Processuais
810,Ato ordinatório praticado: vista às partes por 5 dias.,Andamentos Processuais
811,Decisão interlocutória deferiu o pedido de tutela de urgência.,Andamentos Processuais
812,Autos conclusos para julgamento pelo juiz titular.,Andamentos Processuais
813,Recebidos os autos do Tribunal de Justiça.,Andamentos Processuais
816,Juntada de ofício respondido pelo Bacenjud.,Andamentos Processuais
817,Despacho de mero expediente publicado no Diário da Justiça.,Andamentos Processuais
819,Incluído em pauta para sessão virtual de julgamento.,Andamentos Processuais
820,Certidão de decurso de prazo expedida pela secretaria.,Andamentos Processuais
823,Manifestação do perito anexada aos autos.,Andamentos Processuais
824,Sentença de embargos de declaração rejeitada.,Andamentos Processuais
825,Deferida a gratuidade de justiça ao requerente.,Andamentos Processuais
826,"Recebida a denúncia, inicia-se a instrução criminal.",Andamentos Processuais
827,Requisitada informação à autoridade coatora em mandado de segurança.,Andamentos Processuais
828,Homologado o acordo entabulado entre as partes.,Andamentos Processuais
829,Extinção do processo com resolução do mérito.,Andamentos Processuais
830,Inserida restrição via Renajud nos veículos do réu.,Andamentos Processuais
831,Resultado de pesquisa Sisbajud: bloqueio parcial realizado.,Andamentos Processuais
832,Determinada a penhora online nas contas do executado.,Andamentos Processuais
833,Aguardando decurso de prazo para interposição de recurso.,Andamentos Processuais
834,Publicada decisão que indefere a liminar pleiteada.,Andamentos Processuais
836,Embargos à execução recebidos sem efeito suspensivo.,Andamentos Processuais
837,Exigência de recolhimento de custas complementares.,Andamentos Processuais
839,Decretação de revelia da parte ré confirmada.,Andamentos Processuais
840,Expedida carta de arrematação do imóvel leiloado.,Andamentos Processuais
841,Levantamento de depósito judicial autorizado.,Andamentos Processuais
842,Determinado o cancelamento do protesto em cartório.,Andamentos Processuais
843,Recurso inominado recebido no efeito devolutivo.,Andamentos Processuais
844,Certidão de trânsito em julgado anexada no e-SAJ.,Andamentos Processuais
845,Despacho determina emenda à petição inicial em 15 dias.,Andamentos Processuais
846,Aprovado o plano de recuperação judicial em assembleia.,Andamentos Processuais
847,Juntado comprovante de citação por AR (Aviso de Recebimento).,Andamentos Processuais
848,Retorno dos autos da instância superior após julgamento do agravo.,Andamentos Processuais
852,Agravo de instrumento interposto.,Andamentos Processuais
854,Apelação recebida nos efeitos devolutivo e suspensivo na 13ª Vara Cível. Publicação no Diário Oficial de hoje.,Andamentos Processuais
856,Apelação recebida nos efeitos devolutivo e suspensivo. Consulte a íntegra no e-Proc.,Andamentos Processuais
857,Apelação recebida nos efeitos devolutivo e suspensivo. Decisão disponível no sistema PROJUDI.,Andamentos Processuais
861,Arquivamento do feito ordenado. Vista ao autor por 5 dias.,Andamentos Processuais
862,Ato ordinatório: vista às partes na 13ª Vara Federal. Aguardando manifestação das partes.,Andamentos Processuais
863,Ato ordinatório: vista às partes na 14ª Vara Cível. Aguardando decurso de prazo legal.,Andamentos Processuais
865,Ato ordinatório: vista às partes.,Andamentos Processuais
866,Autos devolvidos do Ministério Público na 20ª Vara Federal. O processo segue tramitação normal.,Andamentos Processuais
867,Autos devolvidos do Ministério Público na 4ª Vara Criminal. Cumpra-se com urgência.,Andamentos Processuais
868,Autos remetidos ao Tribunal de Justiça.,Andamentos Processuais
869,Autos remetidos ao Tribunal de Justiça. Publicação no Diário Oficial de hoje.,Andamentos Processuais
870,Autos remetidos à conclusão na 11ª Vara Criminal. Vista ao autor por 5 dias.,Andamentos Processuais
871,Autos remetidos à conclusão na 12ª Vara Cível. Disponibilizado no Diário da Justiça Eletrônico.,Andamentos Processuais
874,Baixa definitiva dos autos no sistema. Autos aguardam prazo no cartório.,Andamentos Processuais
876,Bloqueio de valores restou infrutífero na 11ª Vara Cível. Disponibilizado no Diário da Justiça Eletrônico.,Andamentos Processuais
877,Bloqueio de valores restou infrutífero.,Andamentos Processuais
878,Bloqueio de valores restou infrutífero. Notificação enviada por e-mail.,Andamentos Processuais
879,Carta rogatória expedida na 19ª Vara de Família. O processo segue tramitação normal.,Andamentos Processuais
880,Carta rogatória expedida na 9ª Vara Criminal. Confira no portal do e-SAJ.,Andamentos Processuais
882,Certidão expedida pela secretaria da vara.,Andamentos Processuais
883,Certidão expedida pela secretaria da vara. Publicação no Diário Oficial de hoje.,Andamentos Processuais
885,Concedida a tutela antecipada requerida. Confira no portal do e-SAJ.,Andamentos Processuais
886,Concedida a tutela antecipada requerida. Consulte a íntegra no e-Proc.,Andamentos Processuais
887,Concedida a tutela antecipada requerida. Decisão disponível no sistema PROJUDI.,Andamentos Processuais
891,Decretada a revelia do réu na 18ª Vara Criminal. O processo segue tramitação normal.,Andamentos Processuais
894,Decretada a revelia do réu. Autos aguardam prazo no cartório.,Andamentos Processuais
895,Decretada a revelia do réu. Vista ao réu para impugnação.,Andamentos Processuais
896,Deferido o pedido de gratuidade de justiça na 15ª Vara Federal. Verifique o andamento no PJe.,Andamentos Processuais
897,Deferido o pedido de gratuidade de justiça. Verifique o andamento no PJe.,Andamentos Processuais
898,Deferido o pedido de gratuidade de justiça. Vista ao autor por 5 dias.,Andamentos Processuais
899,Designada perícia médica para o autor.,Andamentos Processuais
901,Determinada a expedição de ofício ao Empregador na 14ª Vara da Fazenda Pública. Vista ao réu para impugnação.,Andamentos Processuais
902,Determinada a expedição de ofício ao Empregador.,Andamentos Processuais
905,Determinada a penhora de bens móveis.,Andamentos Processuais
906,Determinado o bloqueio Sisbajud.,Andamentos Processuais
909,Devolvido mandado não cumprido pelo oficial na 3ª Vara da Fazenda Pública. Publicação no Diário Oficial de hoje.,Andamentos Processuais
910,Devolvido mandado não cumprido pelo oficial.,Andamentos Processuais
912,Embargos de declaração acolhidos com efeitos na 13ª Vara Cível. Autos aguardam prazo no cartório.,Andamentos Processuais
913,Embargos de declaração acolhidos com efeitos na 20ª Vara de Família. Publicação no Diário Oficial de hoje.,Andamentos Processuais
914,Embargos de declaração acolhidos com efeitos.,Andamentos Processuais
915,Embargos de declaração acolhidos com efeitos. Verifique o andamento no PJe.,Andamentos Processuais
916,Embargos de declaração rejeitados na 18ª Vara Federal. Vista ao autor por 5 dias.,Andamentos Processuais
918,Embargos de declaração rejeitados.,Andamentos Processuais
919,Embargos de declaração rejeitados. Vista ao autor por 5 dias.,Andamentos Processuais
920,Expedida carta precatória para oitiva na 8ª Vara Criminal. Verifique o andamento no PJe.,Andamentos Processuais
921,Expedida carta precatória para oitiva. Notificação enviada por e-mail.,Andamentos Processuais
923,Expedido alvará de levantamento de valores. Cumpra-se com urgência.,Andamentos Processuais
924,Expedido alvará de levantamento de valores. Publicação no Diário Oficial de hoje.,Andamentos Processuais
925,Expedido mandado de citação na 10ª Vara de Família. Confira no portal do e-SAJ.,Andamentos Processuais
926,Expedido mandado de citação.,Andamentos Processuais
927,Extinto o processo sem resolução de mérito na 7ª Vara de Família. Disponibilizado no Diário da Justiça Eletrônico.,Andamentos Processuais
928,Homologado o cálculo da contadoria judicial. Aguardando decurso de prazo legal.,Andamentos Processuais
929,Homologado o cálculo da contadoria judicial. Notificação enviada por e-mail.,Andamentos Processuais
933,Indeferida a assistência judiciária gratuita. Prazo comum aberto.,Andamentos Processuais
934,Intimação expedida via portal eletrônico.,Andamentos Processuais
936,Intimação expedida via portal eletrônico. Vista ao réu para impugnação.,Andamentos Processuais
937,Juntada de AR de citação negativo na 2ª Vara Trabalhista. Autos aguardam prazo no cartório.,Andamentos Processuais
938,Juntada de AR de citação negativo.,Andamentos Processuais
939,Juntada de AR de citação negativo. Consulte a íntegra no e-Proc.,Andamentos Processuais
940,Juntada de AR de intimação positivo.,Andamentos Processuais
941,Juntada de AR de intimação positivo. Autos aguardam prazo no cartório.,Andamentos Processuais
942,Juntada de AR de intimação positivo. Notificação enviada por e-mail.,Andamentos Processuais
943,Juntada de laudo pericial contábil na 15ª Vara da Fazenda Pública. Aguardando manifestação das partes.,Andamentos Processuais
944,Juntada de laudo pericial contábil na 6ª Vara Federal. Notificação enviada por e-mail.,Andamentos Processuais
945,Juntada de laudo pericial contábil.,Andamentos Processuais
946,Mandado de segurança denegado na 17ª Vara Criminal. Confira no portal do e-SAJ.,Andamentos Processuais
947,Mandado de segurança denegado na 2ª Vara Trabalhista. Consulte a íntegra no e-Proc.,Andamentos Processuais
948,Mandado de segurança denegado na 2ª Vara da Fazenda Pública. Decisão disponível no sistema PROJUDI.,Andamentos Processuais
949,Mandado de segurança denegado na 4ª Vara Federal. Consulte a íntegra no e-Proc.,Andamentos Processuais
951,Mandado de segurança denegado na 6ª Vara da Fazenda Pública. Aguardando manifestação das partes.,Andamentos Processuais
953,Manifestação do Ministério Público anexada na 19ª Vara Federal. Vista ao autor por 5 dias.,Andamentos Processuais
954,Novo despacho proferido na 17ª Vara Trabalhista. Autos aguardam prazo no cartório.,Andamentos Processuais
955,Novo despacho proferido. Notificação enviada por e-mail.,Andamentos Processuais
956,Ofício expedido à Caixa Econômica.,Andamentos Processuais
957,Ofício recebido do INSS com informações.,Andamentos Processuais
959,Ofício respondido pelo Detran.,Andamentos Processuais
960,Ofício respondido pelo Detran. Disponibilizado no Diário da Justiça Eletrônico.,Andamentos Processuais
962,Pedido de habilitação de herdeiros deferido. Autos aguardam prazo no cartório.,Andamentos Processuais
963,Publicada a pauta de julgamento virtual na 16ª Vara Federal. Cumpra-se com urgência.,Andamentos Processuais
964,Publicada a pauta de julgamento virtual na 7ª Vara Trabalhista. Vista ao réu para impugnação.,Andamentos Processuais
965,Publicada a pauta de julgamento virtual. Autos aguardam prazo no cartório.,Andamentos Processuais
966,Publicada a pauta de julgamento virtual. Disponibilizado no Diário da Justiça Eletrônico.,Andamentos Processuais
967,Realizada a penhora no rosto dos autos. Aguardando manifestação das partes.,Andamentos Processuais
969,Recebida a petição inicial sem emendas. Disponibilizado no Diário da Justiça Eletrônico.,Andamentos Processuais
970,Recebidos os autos da instância superior na 15ª Vara Cível. Autos aguardam prazo no cartório.,Andamentos Processuais
971,Recebidos os autos da instância superior na 7ª Vara Criminal. Aguardando decurso de prazo legal.,Andamentos Processuais
973,Recurso provido pelo colegiado na 8ª Vara Federal. Publicação no Diário Oficial de hoje.,Andamentos Processuais
974,Recurso provido pelo colegiado. Cumpra-se com urgência.,Andamentos Processuais
975,Redistribuição do feito por sorteio na 20ª Vara Trabalhista. Publicação no Diário Oficial de hoje.,Andamentos Processuais
978,Remessa ao relator para elaboração do acórdão na 17ª Vara Cível. Aguardando manifestação das partes.,Andamentos Processuais
983,Revogada a liminar anteriormente deferida. Confira no portal do e-SAJ.,Andamentos Processuais
985,Revogada a liminar anteriormente deferida. Vista ao réu para impugnação.,Andamentos Processuais
987,Sentença julgada improcedente na 5ª Vara Cível. Confira no portal do e-SAJ.,Andamentos Processuais
988,Sentença julgada improcedente na 5ª Vara de Família. Cumpra-se com urgência.,Andamentos Processuais
990,Sentença julgada improcedente. Autos aguardam prazo no cartório.,Andamentos Processuais
991,Sentença julgada improcedente. Notificação enviada por e-mail.,Andamentos Processuais
992,Sentença julgada improcedente. Vista ao réu para impugnação.,Andamentos Processuais
995,Suspensão do processo por 30 dias na 1ª Vara de Família. O processo segue tramitação normal.,Andamentos Processuais
996,Suspensão do processo por 30 dias.,Andamentos Processuais
998,Trânsito em julgado certificado na 12ª Vara da Fazenda Pública. Vista ao réu para impugnação.,Andamentos Processuais
999,Trânsito em julgado certificado.,Andamentos Processuais
